"Id","Ime","TeamLead","EmployeeId","Wic","KID"
"175","Aleksandrina Dencheva","Delia Panaitescu","9074334","",""
"158","Anas Daba","Delia Panaitescu","9074341","",""
"164","Annabela Scavo","Delia Panaitescu","9090511","",""
"183","Arevig Ketenjian","Delia Panaitescu","9076905","",""
"204","Kevin Haska","Delia Panaitescu","9075030","",""
"178","Kolja Christlieb","Delia Panaitescu","9074528","",""
"184","Lubomir Stoyanov","Delia Panaitescu","9074535","",""
"182","Mitko Kilogramski","Delia Panaitescu","9074549","",""
"201","Pascal Dutz","Delia Panaitescu","9074557","",""
"179","Sam Alisha Metzner","Delia Panaitescu","9090514","",""
"160","Tim Nguyen","Delia Panaitescu","9078602","",""
"195","Timon Philippen","Delia Panaitescu","9092596","",""
"209","Asal Wardaastiani Azar","Ion Ciuceanu","9074348","",""
"205","Jessica Schlicht","Ion Ciuceanu","9074519","",""
"162","Victoria Scholz","Ion Ciuceanu","9074592","",""
"217","Ayten Karatas","Jaroslaw Brzeszkiewicz","9047339","s-Hertogenbosch",""
"263","Elliot van Staveren Kuste","Jaroslaw Brzeszkiewicz","9132851","",""
"261","Yolanda Coppers","Jaroslaw Brzeszkiewicz","9044352","Denbosch",""
"176","Ahmed Hasanovic","Karlo Coric","9126877","",""
"166","Anil Bedzeti","Karlo Coric","9085123","",""
"203","Danny Bendig","Karlo Coric","9074363","",""
"193","Dominik Bajic","Karlo Coric","9126887","",""
"150","Elena Schlosser","Karlo Coric","9074375","",""
"152","Erne Kis","Karlo Coric","9128158","",""
"199","Javier Sang","Karlo Coric","9074518","",""
"172","Michael Holz","Karlo Coric","9090513","",""
"153","Ralf Turski","Karlo Coric","9074563","",""
"196","Stephan Becker","Karlo Coric","9074582","",""
"161","Walter Buxbaum","Karlo Coric","9085121","",""
"165","Yevgeni Frenkel","Karlo Coric","9074428","",""
"190","Boris Kostov","Oliver Schleusen","9124690","",""
"185","Christian Pastors","Oliver Schleusen","9114617","",""
"177","Ercan Akdeniz","Oliver Schleusen","9083024","",""
"187","Jonathan Freudenthaler","Oliver Schleusen","9119463","",""
"192","Kemal Sener","Oliver Schleusen","9125526","",""
"186","Mustafa Deveci","Oliver Schleusen","9114618","",""
"154","Tarek Tabbara","Oliver Schleusen","9086366","",""
"181","Tri Toan Nguyen","Oliver Schleusen","9074590","",""
"191","Veronika Kouwui","Oliver Schleusen","9124695","",""
"189","Zehra Sila Görgün","Oliver Schleusen","9124687","",""
"283","Marko Bosnjak","Other","9133999","",""
"198","Adnan Lelic","Tobias Rossberg","9074330","",""
"155","Baschir Mahrufi","Tobias Rossberg","9074350","",""
"173","Christian Koch","Tobias Rossberg","9074356","",""
"156","Darjusch Dropczinsky","Tobias Rossberg","9074364","",""
"157","Duc Quy Huynh","Tobias Rossberg","9074373","",""
"159","Eva-Liane Schliwa","Tobias Rossberg","9074381","",""
"163","Meik Schülgen","Tobias Rossberg","9087657","",""
"194","Sharon Huber","Tobias Rossberg","9074576","",""
"149","Vincent Grunzel","Tobias Rossberg","9086658","",""
"278","Kai Erik Kumlehn","Voice","9133997","",""
"279","Martijn Brinks","Voice","9074543","",""
"280","Mitchel Sullivan","Voice","9132070","",""
"281","Rene Raoul Aboikoni","Voice","9074611","",""
"282","Virgil Stelk","Voice","9074595","",""
"197","Anifa Ngcongo","VWIC","3193174","",""
"170","Gunter Dinkelmann","VWIC","3193177","",""
"151","Isloodien Hurchem Lawrence","VWIC","3193175","",""
